file_name,alt_text,source
about-history.webp,"Old black and white photo of the first Rainy Days shop, with two men in coats looking at the window display.",Rainy Days design assets (HTML & CSS project)
adventure-hiking.webp,"Hiker in a green jacket on a rocky trail above a fjord, with a waterfall and autumn trees behind him.",Rainy Days design assets (HTML & CSS project)
adventure-kayaking.webp,Two men paddling a canoe on a calm fjord surrounded by autumn-coloured mountains.,Rainy Days design assets (HTML & CSS project)
adventure-ski.webp,"Skier in a green jacket, helmet and goggles riding through powder snow above a frozen lake.",Rainy Days design assets (HTML & CSS project)
feature-comfort.webp,"Man ice climbing up a frozen waterfall in a grey Rainy Days jacket, with a partner waiting on the ice below.",Rainy Days design assets (HTML & CSS project)
feature-durability.webp,"Smiling hiker in a green jacket resting in the snow with a thermos and a map, a frozen fjord behind him.",Rainy Days design assets (HTML & CSS project)
feature-versatility.webp,Four hikers in colourful jackets walking along a grassy ridge high above a fjord.,Rainy Days design assets (HTML & CSS project)
hero-mountain.webp,Snow-covered mountain peak with sharp ridges under a clear blue sky.,Rainy Days design assets (HTML & CSS project)
hero-sky.webp,(decorative – empty alt on purpose),Rainy Days design assets (HTML & CSS project)
logo-rainy-days-mini.png,Rainy Days – go to the home page,Rainy Days design assets (HTML & CSS project)
logo-rainy-days.png,"Rainy Days – Pushing the Comfort Zone, go to the home page",Rainy Days design assets (HTML & CSS project)
membership-night-hike.webp,A lone hiker climbing a snowy mountainside under a dark night sky with a half moon.,Rainy Days design assets (HTML & CSS project)
payment-card.png,(decorative – empty alt on purpose),Rainy Days design assets (HTML & CSS project)
payment-klarna.png,Klarna,Rainy Days design assets (HTML & CSS project)
payment-paypal.png,(decorative – empty alt on purpose),Rainy Days design assets (HTML & CSS project)
payment-vipps.png,(decorative – empty alt on purpose),Rainy Days design assets (HTML & CSS project)
placeholder-jacket-1.webp,"Man wearing a grey softshell jacket with a high collar, zipped up.",Placeholder product photo – replaced by API images in the JS stage
placeholder-jacket-2.webp,Woman wearing a light grey and orange technical jacket with black sleeves and a hood.,Placeholder product photo – replaced by API images in the JS stage
placeholder-jacket-3.webp,Woman wearing a black lightweight rain jacket with a small blue logo on the chest.,Placeholder product photo – replaced by API images in the JS stage
placeholder-jacket-4.webp,Man wearing a red shell jacket with black side panels.,Placeholder product photo – replaced by API images in the JS stage
placeholder-jacket-5.webp,Man wearing an olive green fleece jacket over a black t-shirt.,Placeholder product photo – replaced by API images in the JS stage
placeholder-jacket-6.webp,Man wearing a black jacket with white and yellow reflective stripes.,Placeholder product photo – replaced by API images in the JS stage
placeholder-jacket-detail-1.webp,Grey hooded parka seen from the back.,Placeholder product photo – replaced by API images in the JS stage
placeholder-jacket-detail-2.webp,Grey hooded parka seen from the front.,Placeholder product photo – replaced by API images in the JS stage
placeholder-jacket-detail-3.webp,"Grey hooded parka from the side, the model holding the zip.",Placeholder product photo – replaced by API images in the JS stage
placeholder-jacket-detail-4.webp,Grey hooded parka worn open over a dark sweater.,Placeholder product photo – replaced by API images in the JS stage
store-bergen.webp,The Rainy Days store in Bergen.,Rainy Days design assets (HTML & CSS project)
store-default.webp,Black and white photo of a Rainy Days shop front with jackets in the window.,Rainy Days design assets (HTML & CSS project)
store-haugesund.webp,The Rainy Days store in Haugesund.,Rainy Days design assets (HTML & CSS project)
store-stavanger.webp,The Rainy Days store in Stavanger.,Rainy Days design assets (HTML & CSS project)
testimonial-ski-slope.webm,"Skier going down a sunny, snow-covered mountain slope.",Rainy Days design assets (HTML & CSS project)
